Date,Tencent,CKLife,Waison,Cowell,quantity,asset,trade_value,portfolio_value
2018-01-02,417.8,0.6,3.82,2.8,,,,100000.0
2018-01-03,422.2,0.6,3.92,2.79,,,,100670.0
2018-01-04,431.8,0.59,4.11,2.77,,,,102001.0
2018-01-05,433.2,0.61,4.14,2.72,,,,102354.0
2018-01-08,438.6,0.6,4.07,2.68,,,,102775.0
2018-01-09,443.8,0.6,3.99,2.73,,,,103319.0
2018-01-10,440.4,0.6,4.05,2.68,,,,102961.0
2018-01-11,429.4,0.61,4.03,2.73,,,,101741.0
2018-01-12,442.2,0.62,4.16,2.7,,,,103538.0
2018-01-15,433.2,0.6,4.01,2.64,-434.0,Cowell,-1145.76,102005.0
2018-01-16,444.2,0.62,4.08,2.64,,,,103610.0
2018-01-17,449.0,0.61,4.07,2.6,,,,104066.36000000002
2018-01-18,447.8,0.61,4.26,2.56,,,,104192.72
2018-01-19,452.4,0.62,4.38,2.57,,,,105018.38
2018-01-22,460.0,0.62,4.42,2.54,-86.0,Tencent,-39560.0,105979.40000000001
2018-01-23,474.6,0.62,4.4,2.55,,,,106449.46
2018-01-24,469.0,0.62,4.38,2.53,,,,106221.74
2018-01-25,458.0,0.62,4.41,2.46,,,,105867.12000000001
2018-01-26,471.2,0.62,4.4,2.52,,,,106322.88
2018-01-29,471.6,0.62,4.37,2.49,,,,106280.50000000001
2018-01-30,461.8,0.62,4.38,2.41,,,,105933.02000000002
2018-01-31,463.6,0.62,4.38,2.39,14047.0,Waison,61525.86,105986.90000000002
2018-02-01,460.0,0.61,4.27,2.34,,,,104046.03
2018-02-02,452.4,0.61,4.25,2.42,,,,103505.97000000002
2018-02-05,441.0,0.6,4.15,2.37,,,,101455.37000000001
2018-02-06,410.0,0.58,3.99,2.2,,,,97671.63
2018-02-07,414.8,0.59,3.96,2.2,,,,97458.42000000001
2018-02-08,420.2,0.59,3.96,2.18,,,,97634.70000000001
2018-02-09,407.4,0.58,3.97,2.07,,,,97224.71
2018-02-12,409.6,0.58,4.09,2.11,,,,99179.79000000001
2018-02-13,422.4,0.58,4.19,2.25,,,,101220.93000000001
2018-02-14,433.6,0.59,4.2,2.28,,,,101858.18000000001
2018-02-15,447.0,0.59,4.16,2.45,,,,101754.12000000001
2018-02-20,445.8,0.6,4.23,2.51,,,,102913.57000000002
2018-02-21,458.0,0.59,4.17,2.51,,,,102305.55
2018-02-22,446.4,0.59,4.18,2.51,,,,102066.62000000001
2018-02-23,453.4,0.59,4.14,2.5,,,,101679.08
2018-02-26,453.0,0.59,4.15,2.64,,,,101872.19000000002
2018-02-27,446.0,0.59,4.24,2.68,,,,103048.06000000001
2018-02-28,432.2,0.6,4.13,2.72,,,,100973.33000000002
2018-03-01,447.0,0.59,4.12,2.79,,,,101256.68000000001
2018-03-02,436.0,0.59,4.08,2.7,,,,100227.86000000002
2018-03-05,425.0,0.58,4.05,2.52,,,,99231.57000000002
2018-03-06,438.6,0.6,4.06,2.57,,,,100047.74
2018-03-07,434.2,0.59,3.99,2.53,,,,98705.21
2018-03-08,443.0,0.59,4.08,2.51,,,,100396.32000000002
2018-03-09,447.0,0.6,4.1,2.61,,,,100969.86
2018-03-12,460.0,0.6,4.08,2.55,,,,101078.96000000002
2018-03-13,462.8,0.6,4.11,2.54,,,,101636.91000000002
2018-03-14,463.6,0.59,4.07,2.47,,,,100926.61000000002
2018-03-15,468.6,0.6,4.04,2.49,,,,100727.52
2018-03-16,465.2,0.59,3.97,2.44,,,,99415.33
2018-03-19,461.8,0.58,4.0,2.4,,,,99661.5
2018-03-20,466.6,0.58,3.96,2.46,,,,99224.78000000001
2018-03-21,462.6,0.58,3.97,2.37,,,,99211.31000000001
2018-03-22,439.4,0.57,4.06,2.4,,,,99742.71999999999
2018-03-23,420.0,0.56,3.93,2.2,,,,96898.81
2018-03-26,426.6,0.57,4.0,2.16,,,,98286.86
2018-03-27,432.2,0.58,4.15,2.19,,,,100910.29000000001
2018-03-28,412.2,0.58,4.1,2.1,,,,99420.00000000001
2018-03-29,409.6,0.57,4.0,2.12,,,,97694.22
2018-04-03,409.4,0.57,4.14,2.12,,,,99864.0
2018-04-04,397.6,0.58,4.18,2.12,,,,100174.68000000001
2018-04-06,405.8,0.58,4.16,1.98,,,,100091.3
2018-04-09,410.0,0.58,4.16,2.06,,,,100263.38000000002
2018-04-10,417.2,0.56,4.18,2.11,,,,100657.42
2018-04-11,419.6,0.56,4.18,2.05,,,,100717.06000000001
2018-04-12,413.2,0.57,4.2,2.04,,,,100896.74
2018-04-13,408.0,0.56,4.2,2.03,,,,100626.28
2018-04-16,403.0,0.58,4.2,1.97,,,,100614.32
2018-04-17,397.2,0.57,4.18,1.9,,,,99990.56
2018-04-18,400.0,0.58,4.18,1.8,,,,100139.16
2018-04-19,405.8,0.58,4.19,1.86,,,,100513.79000000001
2018-04-20,400.2,0.57,4.21,1.85,,,,100540.67000000001
2018-04-23,394.0,0.56,4.28,1.81,,,,101313.52000000002
2018-04-24,396.6,0.57,4.32,1.82,,,,102117.46
2018-04-25,386.8,0.57,4.31,1.8,,,,101621.47
2018-04-26,382.2,0.56,4.33,1.74,,,,101664.05
2018-04-27,388.4,0.57,4.38,1.77,,,,102753.18000000001
2018-04-30,391.0,0.57,4.4,1.82,,,,103170.82
2018-05-02,393.4,0.56,4.43,1.94,,,,103672.75
2018-05-03,385.0,0.56,4.42,1.92,3519.0,Waison,15553.98,103224.36
2018-05-04,382.8,0.56,4.5,1.87,,,,104656.54
2018-05-07,380.0,0.58,4.55,1.85,,,,105687.32
2018-05-08,390.6,0.57,4.61,1.88,,,,107112.66
2018-05-09,394.6,0.58,4.63,1.9,,,,107727.3
2018-05-10,406.2,0.58,4.65,1.92,,,,108510.34000000001
2018-05-11,408.8,0.58,4.74,1.89,,,,110303.70000000001
2018-05-14,411.8,0.57,4.78,1.94,,,,111096.64
2018-05-15,398.0,0.57,4.8,1.93,,,,111005.1
2018-05-16,396.2,0.59,4.81,1.92,,,,111310.9
2018-05-17,411.0,0.59,4.8,1.91,,,,111619.78
2018-05-18,411.0,0.58,4.46,1.9,,,,105043.68
2018-05-21,408.0,0.58,4.47,1.88,,,,105125.01999999999
2018-05-23,407.0,0.58,4.6,1.84,,,,107554.95999999999
2018-05-24,407.0,0.59,4.64,1.81,,,,108396.62
2018-05-25,404.0,0.59,4.69,1.79,,,,109240.6
2018-05-28,405.2,0.58,4.73,1.86,,,,109979.66
2018-05-29,402.0,0.58,4.72,1.81,,,,109661.9
2018-05-30,395.0,0.56,4.7,1.79,,,,108855.26
2018-05-31,399.2,0.57,4.59,1.8,,,,106994.46
2018-06-01,404.0,0.58,4.57,1.8,,,,106866.34000000001
2018-06-04,415.0,0.58,4.6,1.82,,,,107819.63999999998
2018-06-05,420.0,0.58,4.41,1.87,,,,104385.4
2018-06-06,425.0,0.57,4.62,2.17,,,,108579.06
2018-06-07,429.2,0.57,4.62,2.07,,,,108685.26
2018-06-08,415.0,0.56,4.62,2.12,,,,108130.76
2018-06-11,419.0,0.56,4.69,2.05,,,,109575.76000000001
2018-06-12,417.4,0.56,4.71,2.01,,,,109888.04
2018-06-13,415.2,0.56,4.86,1.97,,,,112658.50000000001
2018-06-14,412.0,0.56,4.75,1.95,,,,110445.12
2018-06-15,410.0,0.56,4.34,1.91,,,,102545.42
2018-06-19,396.8,0.55,4.12,1.69,,,,97731.57999999999
2018-06-20,400.2,0.55,4.15,1.77,,,,98448.44000000002
2018-06-21,396.8,0.55,4.36,1.73,,,,102322.06
2018-06-22,397.4,0.55,4.35,1.72,,,,102148.13999999998
2018-06-25,388.8,0.55,4.28,1.73,,,,100524.78
2018-06-26,386.0,0.55,4.24,1.66,,,,99641.32
2018-06-27,377.4,0.53,4.24,1.61,,,,99150.62
2018-06-28,379.0,0.54,4.1,1.65,,,,96640.41999999998
2018-06-29,393.8,0.54,4.26,1.68,,,,100205.15999999999
2018-07-03,390.8,0.53,4.09,1.66,,,,96764.62
2018-07-04,383.0,0.53,4.1,1.61,,,,96671.77999999998
2018-07-05,385.6,0.52,3.99,1.59,,,,94565.60000000002
2018-07-06,386.6,0.52,4.09,1.58,,,,96502.54
2018-07-09,396.0,0.53,4.22,1.63,,,,99409.01999999999
2018-07-10,386.8,0.52,4.22,1.61,,,,98998.89999999998
2018-07-11,379.4,0.51,4.14,1.58,,,,97121.04
2018-07-12,380.0,0.51,4.16,1.66,-797.0,Waison,-3315.52,97552.04000000001
2018-07-13,381.0,0.52,4.19,1.64,,,,98216.79000000001
2018-07-16,381.4,0.52,4.15,1.61,,,,97488.65000000001
2018-07-17,375.8,0.51,4.12,1.6,,,,96656.52
2018-07-18,378.0,0.52,4.15,1.62,,,,97376.71
2018-07-19,375.6,0.52,4.16,1.61,,,,97474.14
2018-07-20,376.6,0.52,4.17,1.6,,,,97687.17000000001
2018-07-23,371.0,0.52,4.19,1.58,,,,97854.83
2018-07-24,375.2,0.52,4.24,1.66,,,,98940.36
2018-07-25,379.8,0.52,4.2,1.7,,,,98380.64
2018-07-26,374.8,0.52,4.23,1.67,,,,98747.73000000001
2018-07-27,373.0,0.52,4.24,1.67,,,,98869.22
2018-07-30,367.2,0.52,4.23,1.69,,,,98496.65000000001
2018-07-31,355.2,0.53,4.2,1.65,,,,97615.94
2018-08-01,355.0,0.52,4.24,1.58,,,,98224.28
2018-08-02,345.0,0.53,4.2,1.59,,,,97247.18000000001
2018-08-03,349.8,0.52,4.24,1.57,,,,98043.81999999999
2018-08-06,353.0,0.52,4.19,1.59,,,,97246.49
2018-08-07,357.0,0.52,4.16,1.59,,,,96834.42000000001
2018-08-08,364.0,0.52,4.08,1.6,,,,95614.56000000001
2018-08-09,372.6,0.52,4.03,1.6,,,,94993.51000000001
2018-08-10,370.0,0.52,3.99,1.58,,,,94167.03
2018-08-13,361.0,0.52,3.85,1.54,,,,91288.73000000001
2018-08-14,348.6,0.52,3.85,1.43,,,,90826.87000000002
2018-08-15,336.0,0.51,3.8,1.33,,,,89358.42
2018-08-16,325.8,0.5,3.79,1.38,,,,88757.23
2018-08-17,337.0,0.5,3.82,1.31,,,,89660.48000000001
2018-08-20,350.8,0.5,3.81,1.31,,,,89946.99
2018-08-21,350.6,0.51,3.87,1.35,,,,91140.97
2018-08-22,359.4,0.51,4.07,1.33,,,,95086.65
2018-08-23,359.0,0.5,4.02,1.31,,,,94062.28
2018-08-24,354.0,0.51,4.0,1.31,,,,93616.90000000001
2018-08-27,361.0,0.51,4.14,1.32,,,,96416.21999999999
2018-08-28,365.4,0.51,4.09,1.32,,,,95652.37
2018-08-29,360.8,0.51,4.05,1.32,,,,94765.20999999999
2018-08-30,357.4,0.5,3.95,1.29,,,,92721.73
2018-08-31,340.0,0.5,3.96,1.32,,,,92323.8
2018-09-03,332.8,0.5,4.0,1.32,,,,92809.76
2018-09-04,338.6,0.5,4.06,1.36,,,,94117.74
2018-09-05,324.8,0.5,4.05,1.33,,,,93454.87
2018-09-06,314.6,0.495,4.08,1.3,,,,93600.16000000002
2018-09-07,316.8,0.51,4.02,1.3,,,,92713.81999999999
2018-09-10,313.6,0.49,3.9,1.23,,,,90207.12
2018-09-11,308.0,0.49,3.99,1.16,,,,91635.31
2018-09-12,308.4,0.475,3.99,1.16,,,,91513.91
2018-09-13,323.8,0.485,4.15,1.2,,,,95065.19
2018-09-14,330.0,0.475,4.16,1.18,,,,95361.36000000002
2018-09-17,319.2,0.48,4.01,1.15,,,,92287.83
2018-09-18,318.0,0.475,4.2,1.18,,,,95684.12000000001
2018-09-19,321.6,0.495,4.21,1.19,,,,96172.87000000001
2018-09-20,324.2,0.485,4.17,1.19,,,,95440.51
2018-09-21,334.4,0.48,4.2,1.21,,,,96297.7
2018-09-24,327.8,0.475,4.18,1.19,,,,95655.59999999999
2018-09-26,330.0,0.485,4.18,1.18,,,,95816.74
2018-09-27,325.4,0.48,4.26,1.16,,,,97069.54000000001
2018-09-28,323.2,0.48,3.96,1.18,,,,91521.36000000002
2018-10-02,317.0,0.475,3.88,1.14,,,,89789.40000000001
2018-10-03,316.0,0.475,3.81,1.13,,,,88472.91
2018-10-04,308.4,0.475,3.78,1.14,,,,87670.09999999999
2018-10-05,305.0,0.47,3.85,1.1,,,,88773.69000000002
2018-10-08,299.0,0.465,3.88,1.07,,,,89061.78
2018-10-09,293.8,0.46,3.89,1.03,,,,89008.03
2018-10-10,286.4,0.445,3.86,0.99,,,,88058.72
2018-10-11,267.0,0.42,3.66,0.89,,,,83483.72000000002
2018-10-12,288.4,0.42,3.75,0.92,,,,85866.51000000001
2018-10-15,282.8,0.42,3.75,0.84,,,,85646.83
2018-10-16,281.4,0.41,3.66,0.86,,,,83872.34000000001
2018-10-18,281.0,0.41,3.66,0.9,,,,83873.38
2018-10-19,282.0,0.41,3.58,0.93,,,,82456.84000000001
2018-10-22,291.2,0.42,3.85,0.95,,,,87799.59000000001
2018-10-23,277.8,0.41,3.76,0.96,51904.0,CKLife,21280.64,85613.44
2018-10-24,275.8,0.41,3.81,0.92,25797.0,Cowell,23733.24,86444.25
2018-10-25,269.0,0.405,3.8,0.88,,,,84679.32
2018-10-26,260.0,0.4,3.65,0.89,,,,81590.07999999999
2018-10-29,260.0,0.405,3.8,0.88,,,,84373.32
2018-10-30,252.2,0.395,3.7,0.85,,,,80887.29000000001
2018-10-31,267.0,0.395,3.85,0.9,,,,85438.99
2018-11-01,277.8,0.4,3.85,0.94,,,,87157.23000000001
2018-11-02,303.6,0.405,4.0,0.95,,,,91340.93
2018-11-05,292.4,0.4,4.06,0.94,,,,91490.12
2018-11-06,292.0,0.395,4.08,0.95,,,,91799.01000000001
2018-11-07,293.4,0.4,4.15,0.96,,,,93691.59
2018-11-08,293.6,0.4,4.12,1.01,,,,94458.47
2018-11-09,279.2,0.405,4.06,1.0,,,,92915.62
2018-11-12,270.6,0.4,4.13,1.03,,,,94382.41999999998
2018-11-13,274.4,0.395,4.1,1.0,,,,92874.13999999998
2018-11-14,272.2,0.39,4.13,1.0,,,,93042.89000000001
2018-11-15,288.0,0.395,4.2,1.0,3887.0,Cowell,3887.0,95163.44
2018-11-16,290.4,0.405,4.25,0.99,,,,96467.03
2018-11-19,291.2,0.4,4.25,0.99,,,,96189.70999999999
2018-11-20,281.6,0.395,4.21,0.96,,,,93926.53
2018-11-21,289.6,0.39,4.2,0.98,,,,94312.32
2018-11-22,295.0,0.385,4.2,0.97,,,,93890.9
2018-11-23,291.2,0.385,4.24,0.96,,,,94191.95999999999
2018-11-26,298.0,0.38,4.18,0.99,,,,93924.0
2018-11-27,303.8,0.375,4.24,0.97,,,,94311.82
2018-11-28,314.8,0.36,4.37,0.97,,,,96147.22999999998
2018-11-29,312.0,0.375,4.4,0.98,,,,97814.16
2018-11-30,312.0,0.37,4.13,0.95,,,,91675.51000000001
2018-12-03,324.8,0.375,4.17,0.99,,,,94347.98999999999
2018-12-04,328.4,0.385,4.3,1.09,,,,100459.4
2018-12-05,321.0,0.39,4.18,1.1,,,,98620.53999999998
2018-12-06,304.2,0.38,4.15,1.05,,,,95389.73000000001
2018-12-07,310.6,0.38,4.06,1.01,,,,92761.12
2018-12-10,308.0,0.38,3.94,1.03,,,,91081.44
2018-12-11,311.2,0.38,3.87,1.02,,,,89610.91
2018-12-12,316.8,0.38,3.86,1.04,,,,90219.62
2018-12-13,318.6,0.385,3.82,1.02,,,,89253.58000000002
2018-12-14,308.8,0.38,3.78,0.99,,,,86983.59999999998
2018-12-17,308.8,0.385,3.9,0.97,,,,88879.4
2018-12-18,302.8,0.375,3.92,0.96,,,,88131.23999999999
2018-12-19,303.0,0.375,3.86,0.96,,,,87041.9
2018-12-20,301.6,0.375,3.86,0.94,,,,86393.29999999999
2018-12-21,315.2,0.37,3.86,0.92,,,,85950.18
2018-12-24,310.6,0.37,3.82,0.92,,,,85063.02
2018-12-27,309.6,0.355,3.75,0.9,,,,82235.63
2018-12-28,310.0,0.36,3.7,0.92,,,,82241.3
2018-12-31,314.0,0.365,3.81,0.93,,,,84991.91
2019-01-02,306.6,0.355,3.75,0.91,,,,82434.13
2019-01-03,305.0,0.375,3.7,0.88,,,,81782.86
2019-01-04,310.6,0.38,3.8,0.85,,,,83203.18
2019-01-07,317.6,0.385,3.85,0.89,,,,85861.15000000002
2019-01-08,315.6,0.395,3.78,0.91,,,,85724.35999999999
2019-01-09,327.6,0.395,3.83,0.95,,,,88247.81
2019-01-10,329.0,0.395,3.83,0.93,,,,87694.41
2019-01-11,331.2,0.4,3.86,0.92,,,,88321.29999999999
2019-01-14,321.8,0.415,3.78,0.92,,,,87453.73999999999
2019-01-15,330.0,0.435,3.8,0.92,,,,89316.0
2019-01-16,331.0,0.43,3.9,0.94,,,,91473.38
2019-01-17,331.2,0.415,3.9,0.92,,,,89965.62
2019-01-18,337.0,0.415,3.9,0.92,,,,90162.82
2019-01-21,340.0,0.42,3.86,0.93,,,,90139.07999999999
2019-01-22,335.8,0.41,3.92,0.92,,,,90182.88
2019-01-23,333.2,0.41,4.0,0.9,,,,90955.0
2019-01-24,330.2,0.42,4.1,0.93,,,,94190.44
2019-01-25,343.8,0.425,4.09,1.01,,,,97178.66999999998
2019-01-28,341.6,0.425,4.15,1.0,,,,97899.51000000001
2019-01-29,342.4,0.415,4.15,1.12,,,,100923.66999999998
2019-01-30,344.2,0.42,4.09,1.07,,,,98690.75
2019-01-31,346.0,0.42,4.11,1.09,,,,99718.33000000002
2019-02-01,348.0,0.415,4.06,1.04,,,,97065.85999999999
2019-02-04,347.6,0.42,4.13,1.05,,,,98936.10999999999
2019-02-08,345.6,0.425,4.19,1.09,,,,101470.77000000002
2019-02-11,352.0,0.42,4.16,1.2,,,,104141.28
2019-02-12,351.4,0.42,4.1,1.18,,,,102423.73999999999
2019-02-13,347.8,0.43,4.2,1.4,,,,111348.28
2019-02-14,341.8,0.43,4.17,1.36,,,,109394.20999999999
2019-02-15,333.8,0.42,4.3,1.31,,,,109385.64000000001
2019-02-18,339.8,0.42,4.12,1.35,,,,107503.22
2019-02-19,336.8,0.415,4.05,1.31,,,,104615.87
2019-02-20,341.0,0.425,4.05,1.33,,,,105968.70999999999
2019-02-21,343.2,0.42,4.05,1.36,,,,106640.48999999999
2019-02-22,344.0,0.425,4.05,1.57,,,,113282.70999999999
2019-02-25,343.8,0.435,3.99,1.6,,,,113690.31
2019-02-26,343.0,0.43,3.96,1.51,,,,110106.02000000002
2019-02-27,340.2,0.43,3.9,1.43,,,,106510.68
2019-02-28,335.8,0.46,3.83,1.43,,,,106909.37
2019-03-01,336.2,0.46,3.85,1.48,,,,108790.85
2019-03-04,346.8,0.49,3.93,1.5,,,,113040.89000000001
2019-03-05,361.4,0.48,3.98,1.52,,,,114442.69999999998
2019-03-06,362.0,0.475,3.96,1.54,,,,114394.20000000001
2019-03-07,355.2,0.5,4.0,1.48,,,,114613.35999999999
2019-03-08,347.0,0.485,3.98,1.41,,,,110952.12
2019-03-11,354.8,0.49,3.87,1.44,,,,110413.75
2019-03-12,361.0,0.495,4.04,1.5,,,,115837.79999999999
2019-03-13,358.4,0.49,4.18,1.48,,,,117401.53999999998
2019-03-14,357.6,0.485,4.22,1.43,,,,116298.07999999999
2019-03-15,359.0,0.48,4.31,1.43,6989.0,Waison,30122.59,117685.37
2019-03-18,368.8,0.48,4.32,1.46,,,,119172.65
2019-03-19,370.0,0.47,4.33,1.42,,,,117654.98999999999
2019-03-20,370.0,0.45,4.3,1.41,,,,115378.67000000001
2019-03-21,363.0,0.44,4.18,1.39,,,,110899.66999999998
2019-03-22,365.0,0.445,4.26,1.41,,,,113893.82999999999
2019-03-25,353.8,0.445,4.18,1.44,,,,112393.88999999998
2019-03-26,351.4,0.445,4.2,1.43,,,,112516.95000000001
2019-03-27,354.6,0.445,4.14,1.44,,,,111410.76999999999
2019-03-28,354.0,0.45,4.19,1.4,,,,111755.79000000001
2019-03-29,361.0,0.445,4.11,1.43,,,,110570.13
2019-04-01,365.0,0.45,4.03,1.46,,,,109891.51000000001
2019-04-02,366.0,0.455,4.03,1.69,,,,117141.53
2019-04-03,378.0,0.445,4.18,1.69,,,,120729.18999999997
2019-04-04,376.0,0.44,4.11,1.66,,,,117687.11000000002
2019-04-08,380.2,0.445,4.19,1.71,,,,121657.57
2019-04-09,383.6,0.45,4.15,1.78,,,,123170.87000000002
2019-04-10,388.8,0.45,4.13,1.79,,,,123143.00999999998
2019-04-11,391.4,0.455,4.08,1.73,,,,120470.03
2019-04-12,393.8,0.45,4.06,1.74,,,,120042.44999999998
2019-04-15,388.2,0.45,4.03,1.71,,,,118192.81
2019-04-16,393.6,0.465,4.04,1.73,,,,120143.55000000002
2019-04-17,395.6,0.47,4.1,1.79,,,,123834.54999999999
2019-04-18,391.6,0.47,4.05,1.84,,,,123938.15
2019-04-23,393.0,0.465,4.05,1.84,,,,123681.23000000001
2019-04-24,393.0,0.455,4.05,1.85,,,,123372.69
2019-04-25,382.8,0.45,4.0,1.75,,,,118453.47
2019-04-26,384.0,0.45,3.97,1.76,,,,118037.03
2019-04-29,390.6,0.455,3.97,1.74,,,,117964.95000000001
2019-04-30,388.0,0.455,4.0,1.77,,,,119535.79000000001
2019-05-02,391.4,0.45,3.91,1.88,,,,120379.15
2019-05-03,387.8,0.45,3.89,1.85,,,,118850.09
2019-05-06,375.6,0.435,3.79,1.67,,,,109586.93000000002
2019-05-07,380.8,0.445,3.85,1.71,,,,113090.25
2019-05-08,384.8,0.435,3.84,1.66,,,,110862.13
2019-05-09,375.6,0.425,3.77,1.58,-3315.0,Cowell,-5237.7,105768.23
2019-05-10,382.0,0.43,3.88,1.65,,,,110940.18000000001
2019-05-14,370.6,0.415,3.76,1.61,,,,105538.66000000002
2019-05-15,374.0,0.425,3.82,1.67,,,,109382.88000000002
2019-05-16,365.6,0.43,3.8,1.7,,,,109698.68999999999
2019-05-17,355.8,0.42,3.75,1.66,,,,106424.15000000001
2019-05-20,342.0,0.42,3.73,1.62,,,,104380.39
2019-05-21,341.2,0.415,3.62,1.45,,,,96725.34000000001
2019-05-22,339.0,0.42,3.65,1.48,,,,98514.84999999999
2019-05-23,326.0,0.415,3.61,1.43,,,,95421.26
2019-05-24,324.8,0.41,3.45,1.42,,,,90767.31000000001
2019-05-27,323.8,0.415,3.36,1.38,,,,87695.20999999998
2019-05-28,325.6,0.41,3.46,1.4,,,,90512.39
2019-05-29,322.0,0.415,3.39,1.4,,,,88926.45000000003
2019-05-30,324.4,0.415,3.37,1.4,-10685.0,CKLife,-4434.27,88502.88500000001
2019-05-31,326.0,0.405,3.3,1.38,,,,85752.33499999999
2019-06-03,333.6,0.405,3.15,1.4,,,,82756.73499999999
2019-06-04,327.2,0.395,3.16,1.41,,,,82556.875
2019-06-05,331.0,0.395,3.15,1.41,,,,82433.495
2019-06-06,330.4,0.4,3.1,1.4,,,,81133.94
2019-06-10,343.0,0.4,3.04,1.47,,,,81918.31
2019-06-11,344.6,0.405,3.05,1.48,,,,82743.73499999999
2019-06-12,337.4,0.395,2.99,1.42,,,,78877.16499999998
2019-06-13,334.2,0.405,3.0,1.39,,,,78721.08499999999
2019-06-14,330.0,0.405,3.0,1.38,,,,78310.935
2019-06-17,329.0,0.41,2.94,1.36,,,,76477.85
2019-06-18,334.0,0.4,2.92,1.39,,,,76442.54999999999
2019-06-19,347.2,0.405,2.93,1.48,,,,79801.17499999999
2019-06-20,354.0,0.41,2.96,1.48,,,,81041.20999999999
2019-06-21,354.4,0.41,2.82,1.47,,,,77251.34
2019-06-24,355.8,0.41,2.83,1.41,,,,75947.42000000001
2019-06-25,349.4,0.405,2.79,1.41,,,,74468.405
2019-06-26,349.0,0.42,2.78,1.4,,,,74688.15999999997
2019-06-27,352.8,0.415,2.86,1.44,,,,77656.305
2019-06-28,352.6,0.435,2.86,1.4,17.0,Tencent,5994.2,77584.485
2019-07-02,362.4,0.42,2.87,1.5,,,,80257.08
2019-07-03,360.4,0.415,2.79,1.46,,,,76813.94500000002
2019-07-04,360.0,0.415,2.81,1.44,,,,76764.00499999999
2019-07-05,359.8,0.425,2.82,1.45,,,,77775.925
2019-07-08,351.0,0.425,2.82,1.42,,,,76525.075
2019-07-09,350.8,0.425,2.89,1.4,,,,77748.235
2019-07-10,356.8,0.42,2.94,1.39,,,,78798.69000000002
2019-07-11,357.2,0.42,2.95,1.4,,,,79339.02
2019-07-12,355.0,0.425,2.9,1.38,-22599.0,Waison,-65537.1,77680.315
2019-07-15,360.8,0.43,2.89,1.4,,,,78735.32000000002
2019-07-16,362.6,0.435,2.89,1.4,,,,79078.21500000001
2019-07-17,363.2,0.435,3.11,1.38,,,,79159.095
2019-07-18,356.6,0.435,3.16,1.38,,,,78955.44500000002
2019-07-19,361.8,0.43,3.21,1.39,,,,79369.85
2019-07-22,357.6,0.43,3.08,1.37,,,,78275.28000000001
2019-07-23,358.6,0.43,3.11,1.38,,,,78673.40000000001
2019-07-24,365.6,0.43,3.08,1.44,,,,80554.73000000003
2019-07-25,372.4,0.4,3.08,1.45,,,,79662.31000000001
2019-07-26,370.2,0.4,2.93,1.42,,,,78349.21
2019-07-29,372.2,0.395,2.89,1.4,,,,77559.05500000001
2019-07-30,373.2,0.395,2.95,1.39,,,,77502.24500000001
2019-07-31,368.2,0.395,2.86,1.37,,,,76473.23500000002
2019-08-01,370.0,0.395,2.87,1.37,,,,76591.62500000001
2019-08-02,355.8,0.385,2.81,1.3,,,,73334.24500000001
2019-08-05,340.6,0.385,2.81,1.21,,,,70152.895
2019-08-06,337.2,0.37,2.84,1.18,,,,68503.93000000001
2019-08-07,338.6,0.37,2.75,1.21,,,,69138.07000000002
2019-08-08,342.4,0.375,2.84,1.27,,,,71426.375
2019-08-09,338.4,0.38,2.73,1.26,,,,70913.63
2019-08-12,340.0,0.37,2.67,1.28,,,,70868.20000000001
2019-08-13,334.0,0.37,2.6,1.22,,,,68771.97000000002
2019-08-14,340.0,0.36,2.52,1.27,,,,69699.81000000001
2019-08-15,330.4,0.365,2.48,1.26,,,,69087.59500000002
2019-08-16,326.4,0.365,2.54,1.27,,,,69310.485
2019-08-19,336.8,0.37,2.7,1.32,,,,71854.17000000003
2019-08-20,333.4,0.37,2.64,1.33,,,,71788.58
2019-08-21,332.6,0.375,2.67,1.3,,,,71276.59500000002
2019-08-22,331.0,0.385,2.69,1.26,,,,70680.96500000001
2019-08-23,334.2,0.39,2.66,1.24,,,,70480.79000000002
2019-08-26,326.0,0.37,2.62,1.2,,,,67882.45000000001
2019-08-27,326.2,0.375,2.57,1.21,,,,68278.145
2019-08-28,319.0,0.37,2.67,1.18,,,,67123.70000000001
2019-08-29,320.2,0.375,2.78,1.16,,,,67193.785
2019-08-30,324.8,0.37,2.81,1.14,,,,66722.36000000002
2019-09-02,331.2,0.35,2.84,1.13,,,,65856.8
2019-09-03,329.2,0.35,2.88,1.14,,,,66128.51000000001
2019-09-04,341.2,0.36,3.0,1.19,,,,68898.53000000001
2019-09-05,341.4,0.355,3.13,1.2,,,,69270.65500000001
2019-09-06,343.4,0.36,3.17,1.24,,,,70799.51000000001
2019-09-09,342.4,0.355,3.11,1.23,,,,70070.52500000001
2019-09-10,340.2,0.355,3.08,1.2,,,,69076.50500000002
2019-09-11,346.0,0.355,3.08,1.24,,,,70441.705
2019-09-12,349.4,0.365,3.05,1.26,,,,71572.225
2019-09-13,349.6,0.365,3.14,1.27,,,,72089.085
2019-09-16,346.6,0.365,3.03,1.23,,,,70574.19500000002
2019-09-17,343.6,0.36,2.93,1.22,,,,69636.85000000002
2019-09-18,343.0,0.36,3.0,1.33,,,,72733.23000000001
2019-09-19,338.4,0.355,2.98,1.34,,,,72461.705
2019-09-20,337.6,0.36,2.96,1.31,,,,71816.77
2019-09-23,335.8,0.355,2.96,1.26,,,,70137.12500000001
2019-09-24,335.6,0.355,2.89,1.24,,,,69406.09500000002
2019-09-25,328.4,0.35,2.8,1.22,,,,68013.79000000001
2019-09-26,332.4,0.355,2.86,1.22,,,,68628.425
2019-09-27,329.4,0.35,2.95,1.23,,,,68730.99
2019-09-30,330.2,0.355,2.97,1.24,,,,69343.41500000002
2019-10-02,325.0,0.36,3.0,1.25,,,,69676.43000000001
2019-10-03,325.2,0.355,3.0,1.2,,,,68098.78500000002
2019-10-04,322.8,0.345,3.06,1.23,,,,68435.78500000002
2019-10-08,323.8,0.345,3.08,1.23,,,,68539.96500000001
2019-10-09,318.2,0.34,3.08,1.21,,,,67468.57000000002
2019-10-10,318.8,0.34,3.11,1.28,,,,69450.39000000001
2019-10-11,324.8,0.345,3.1,1.31,,,,70782.945
2019-10-14,328.2,0.345,3.19,1.29,,,,70660.95500000002
2019-10-15,328.8,0.34,3.44,1.27,,,,70570.51000000001
2019-10-16,331.0,0.355,3.43,1.27,,,,71409.40500000001
2019-10-17,331.0,0.35,3.8,1.28,,,,72409.49
2019-10-18,331.0,0.34,3.9,1.28,,,,72173.20000000003
2019-10-21,324.8,0.355,3.8,1.27,,,,72077.035
2019-10-22,327.6,0.35,3.8,1.27,,,,71968.74
2019-10-23,320.0,0.345,3.85,1.26,,,,71195.645
2019-10-24,319.0,0.35,3.81,1.25,,,,71022.03000000001
2019-10-25,316.6,0.355,3.77,1.25,,,,71044.365
2019-10-28,322.0,0.36,3.75,1.26,,,,71785.03000000001
2019-10-29,317.0,0.355,3.77,1.25,,,,71064.765
2019-10-30,316.2,0.35,3.85,1.26,,,,71252.94000000002
2019-10-31,320.8,0.355,3.89,1.25,,,,71577.645
2019-11-04,327.6,0.355,3.92,1.26,,,,72271.56500000002
2019-11-05,333.0,0.355,4.02,1.31,,,,74149.615
2019-11-06,334.0,0.9,3.96,1.28,,,,100608.38
2019-11-07,333.6,1.11,4.07,1.27,,,,111159.11000000002
2019-11-08,327.2,1.0,3.93,1.25,,,,104401.66
2019-11-11,323.0,1.02,3.8,1.21,,,,103776.77
2019-11-12,330.2,0.97,3.73,1.24,,,,102248.94000000002
2019-11-13,327.4,0.86,3.69,1.18,,,,94871.59
2019-11-14,319.8,0.95,3.74,1.19,,,,99404.0
2019-11-15,320.0,0.9,3.69,1.19,,,,96770.3
2019-11-18,330.0,0.89,3.77,1.17,,,,96456.13
2019-11-19,336.6,0.89,3.84,1.22,,,,98315.61000000002
2019-11-20,335.6,0.89,3.86,1.21,,,,98050.44000000002
2019-11-21,329.4,0.89,3.8,1.21,,,,97574.7
2019-11-22,333.6,0.89,3.76,1.19,,,,97147.84000000001
2019-11-25,338.8,0.87,3.78,1.21,,,,96996.54000000002
2019-11-26,335.6,0.78,3.5,1.17,,,,90499.71
2019-11-27,335.0,0.78,3.67,1.19,,,,91455.84000000001
2019-11-28,338.0,0.73,3.77,1.18,,,,89096.44000000002
2019-11-29,331.8,0.7,3.7,1.17,,,,86820.19
2019-12-02,333.0,0.77,3.73,1.15,,,,89941.79000000001
2019-12-03,331.0,0.83,3.69,1.15,,,,92746.57
2019-12-04,328.6,0.78,3.67,1.13,,,,89525.34000000001
2019-12-05,330.0,0.79,3.64,1.12,,,,89751.81000000001
2019-12-06,335.6,0.76,3.74,1.24,,,,92004.94000000002
2019-12-09,336.2,0.79,3.7,1.27,,,,94237.80000000002
2019-12-10,336.8,0.78,3.64,1.27,,,,93606.67
2019-12-11,340.0,0.8,3.65,1.26,,,,94533.49
2019-12-12,349.0,0.79,3.68,1.3,,,,95639.47000000002
2019-12-13,361.0,0.79,3.72,1.29,,,,96090.48000000003
2019-12-16,359.8,0.77,3.68,1.46,,,,99463.49
2019-12-17,371.2,0.79,3.75,1.55,,,,103641.55000000002
2019-12-18,377.6,0.8,3.74,1.79,,,,110859.95000000003
2019-12-19,375.6,0.93,3.66,1.79,,,,117073.70000000003
2019-12-20,375.2,0.88,3.6,1.74,,,,113046.06000000001
2019-12-23,377.8,0.88,3.65,1.88,,,,117054.51000000002
2019-12-24,376.8,0.88,3.68,1.88,,,,117083.28000000001
2019-12-27,384.0,0.89,3.85,1.85,,,,117602.65000000001
2019-12-30,383.2,0.87,3.8,1.87,,,,116959.22000000002
2019-12-31,375.6,0.87,3.81,1.88,,,,116865.56000000001
2020-01-02,382.4,0.9,3.81,1.89,,,,118986.28000000001
2020-01-03,383.0,0.88,3.85,1.9,,,,118386.21
2020-01-06,377.4,0.87,3.74,1.86,,,,116236.53000000001
2020-01-07,385.6,0.87,3.65,2.01,,,,120425.67000000001
2020-01-08,382.0,0.85,3.54,2.0,,,,118677.85000000002
2020-01-09,390.0,0.87,3.72,2.17,,,,125113.8
2020-01-10,398.6,0.86,3.79,2.34,,,,129781.29000000002
2020-01-13,406.4,0.86,3.63,2.39,,,,131090.40000000002
2020-01-14,400.4,0.86,3.67,2.38,,,,130623.40999999999
2020-01-15,398.8,0.86,3.75,2.35,,,,129952.48000000003
2020-01-16,400.0,0.86,3.69,2.38,,,,130656.18999999999
2020-01-17,399.0,0.87,3.74,2.39,,,,131507.68
2020-01-20,396.0,0.9,3.73,2.47,,,,134973.46000000002
2020-01-21,385.4,0.86,3.54,2.27,,,,126571.89
2020-01-22,391.0,0.88,3.61,2.36,,,,130454.15000000001
2020-01-23,385.6,0.85,3.54,2.26,,,,125812.55
2020-01-24,385.8,0.87,3.54,2.21,,,,125490.38000000002
2020-01-29,383.2,0.83,3.3,2.1,,,,119770.01000000001
2020-01-30,375.0,0.78,3.16,1.89,,,,110854.25
2020-01-31,373.0,0.81,3.09,1.92,,,,112874.74
2020-02-03,380.0,0.79,3.1,1.96,,,,113323.35000000002
2020-02-04,393.0,0.8,3.14,2.08,,,,117803.10000000002
2020-02-05,392.2,0.8,3.1,2.01,,,,115784.49
2020-02-06,400.0,0.81,3.16,2.06,,,,118180.77
2020-02-07,402.4,0.8,3.26,2.07,,,,118334.23000000001
2020-02-10,400.6,0.83,3.25,2.0,,,,117850.96
2020-02-11,409.0,0.85,3.19,2.0,,,,119124.20000000001
2020-02-12,411.0,0.94,3.15,2.06,,,,125243.65000000001
2020-02-13,416.4,0.91,3.12,2.1,,,,125002.11000000003
2020-02-14,415.0,0.95,3.01,2.08,,,,126112.28000000001
2020-02-17,416.6,1.0,3.05,2.12,,,,129880.59000000001
2020-02-18,408.2,0.98,3.0,2.03,,,,125908.71
2020-02-19,411.4,0.98,3.0,2.0,24354.0,CKLife,23866.92,125269.86
2020-02-20,410.0,1.07,3.06,2.04,,,,133138.96999999997
2020-02-21,401.0,1.05,3.31,1.98,,,,130249.15999999999
2020-02-24,390.4,0.99,3.3,1.94,,,,124138.18999999999
2020-02-25,401.6,0.98,3.26,1.91,,,,123055.24999999999
2020-02-26,399.6,1.0,3.21,1.88,,,,123509.71
2020-02-27,399.2,1.01,3.23,1.84,,,,123218.81999999999
2020-02-28,386.0,0.96,3.15,1.71,,,,115128.7
2020-03-02,389.6,0.96,3.16,1.78,,,,117210.34000000001
2020-03-03,394.0,0.99,3.14,1.78,,,,119618.75000000001
2020-03-04,394.0,0.98,3.14,1.78,,,,118873.01999999997
2020-03-05,406.2,0.97,3.14,1.81,,,,119551.54
2020-03-06,395.8,0.96,3.1,1.75,,,,116564.95
2020-03-09,377.4,0.89,2.95,1.6,,,,105997.33999999998
2020-03-10,383.0,0.89,3.02,1.64,,,,107538.46999999999
2020-03-11,378.4,0.88,3.06,1.58,,,,105060.39999999998
2020-03-12,363.6,0.85,2.92,1.48,,,,99022.65
2020-03-13,365.0,0.88,2.9,1.5,,,,101812.76000000002
2020-03-16,341.8,0.83,2.71,1.37,,,,92920.15000000001
2020-03-17,349.8,0.82,2.66,1.34,,,,91647.42
2020-03-18,334.0,0.77,2.63,1.24,,,,84359.7
2020-03-19,343.0,0.69,2.58,1.21,,,,77917.86
2020-03-20,359.6,0.71,2.69,1.29,,,,82687.21
2020-03-23,348.0,0.67,2.53,1.2,,,,76281.1
2020-03-24,365.2,0.71,2.56,1.26,,,,81825.08999999998
2020-03-25,380.0,0.74,2.7,1.58,,,,93744.54
2020-03-26,381.8,0.78,2.65,1.51,,,,94814.86
2020-03-27,382.4,1.06,2.73,2.0,,,,129038.77
2020-03-30,376.6,0.96,2.69,1.97,,,,120377.26000000002
2020-03-31,380.2,0.93,2.66,1.83,,,,114501.00000000001
2020-04-01,374.4,0.88,2.56,1.88,,,,111547.39999999998
2020-04-02,379.8,0.96,2.51,1.89,,,,117923.04
2020-04-03,376.4,0.93,2.51,1.86,-374.0,Cowell,-695.64,114710.4
2020-04-06,381.4,0.95,2.48,1.9,,,,117431.52999999997
2020-04-07,387.6,0.96,2.6,2.0,,,,121448.64000000001
2020-04-08,385.0,0.95,2.54,1.99,,,,120147.15999999997
